<?xml version="1.0" encoding="UTF-8"?>
<!DOCTYPE suite SYSTEM "http://testng.org/testng-1.0.dtd">
<suite name="Suite">
 <listeners>
     
        
         <listener class-name="Academy.Listeners"/>
         <listener class-name="Resources.ExtentReporterNG"/>
         

 </listeners>

  <test name="Validating User login">
    <classes>
      <class name="Academy.HomePage"/>
          </classes>
      </test>
      
    <test name="Validating title in the Page">
         <classes>
      <class name="Academy.ValidateTitle"/>
       </classes>
      </test>
       <test name="App Testing">
         <classes>
      <class name="Academy.AppTest"/>
       </classes>
      </test>
            <test name="Validating navigation Bar">
         <classes>
      <class name="Academy.ValidateContact"/>
   </classes>
      </test>
   <!-- Test -->
</suite> <!-- Suite -->
